Category,Count,Average Similarity
IO,132,0.9097267214084067
Attack,20,0.8982234660435923
Libc,43,0.8528561488480775
Dynamic Linker,148,0.8494206489592449
Memory,22,0.8442291422744717
Utility,16,0.839000946969697
Other,465,0.7911504253896422
Conversion,42,0.7864696884974081
Networking,5,0.7591666666666667
Threading,25,0.719198208484368
System Call,1,0.1
