Category,Average Similarity,Count
Attack,0.5,1
Conversion,0.14523809523809525,6
Dynamic Linker,0.40002061430632857,7
IO,0.42692436974789916,5
Libc,0.55625,2
Memory,0.33636363636363636,2
Networking,0.4000000000000001,3
Other,0.38857927826023536,59
System Call,0.2375,2
Threading,0.4417027417027417,6
