UserDefined,Count,Average Similarity
No,852,0.6825707552521011
Yes,67,0.7296324054112098
