Feature,Importance
Avg_FUNCTION_IN_DEGREE,0.15730406685371298
Avg_FUNCTION_OUT_DEGREE,0.14849412127136427
Avg_CFG_EDGE_TO_NODE_RATIO,0.08057729691685973
Avg_INTEGER_COMPARISON,0.06453903768268804
Avg_LOGICAL,0.054997792306369336
Avg_FLOATING_POINT_COMPARE,0.0498280982247148
Total_ARITHMETIC,0.03831591492241547
Avg_FLOATING_POINT,0.038009943421864825
Total_LOGICAL,0.037168525097611135
Total_FUNCTION_OUT_DEGREE,0.0333432365011948
Total_CFG_EDGE_TO_NODE_RATIO,0.024597789443022346
Avg_BOOLEAN,0.023666033896818175
Total_FUNCTION_IN_DEGREE,0.022800744378234834
Total_CFG_NODES,0.02144423558952255
Total_functions,0.02137006058168434
Total_CFG_EDGES,0.02127476636632878
Total_FLOATING_POINT_COMPARE,0.02063318051883673
Total_BRANCHING,0.018455400347341354
Total_INTEGER_COMPARISON,0.015302677415489118
Total_FLOATING_POINT_CONVERSION,0.01453310384941403
Total_EXTENSION,0.013084648289975024
Total_FLOATING_POINT,0.011755462280913955
Total_TOTAL_OPS,0.011180733442405303
Avg_EXTENSION,0.008658105920915114
Total_BOOLEAN,0.00802570087140686
Avg_TOTAL_OPS,0.007230259320682337
Avg_ARITHMETIC,0.006530291739986829
Avg_CFG_EDGES,0.005627211553360712
Avg_CFG_NODES,0.005597077073757195
Avg_BRANCHING,0.005310248170016388
Avg_DATA_MOVING,0.00480672451244098
Total_DATA_MOVING,0.00407950388648528
Avg_FLOATING_POINT_CONVERSION,0.0014580073521664992
