,ARM,Advanced Micro Devices X86-64,Intel 80386,MIPS R3000
ARM,1.0,0.5770975056689343,0.8348045397225725,0.6628895184135978
Advanced Micro Devices X86-64,0.8634423897581792,1.0,0.9817150063051703,0.8087818696883853
Intel 80386,0.8036984352773826,0.9138321995464853,1.0,0.6522662889518414
MIPS R3000,0.8620199146514936,0.8900226757369615,0.9684741488020177,1.0
