Architecture,F1 Score
ARM,0.7491613422556684
Advanced Micro Devices X86-64,0.7177364778757639
Intel 80386,0.7237132114219221
MIPS R3000,0.7717438691524223
all,0.8315419747358863
