Architecture,F1 Score
ARM,0.5849056603773585
Advanced Micro Devices X86-64,0.7401129943502824
Intel 80386,0.7459715639810427
MIPS R3000,0.9361438313701178
all,0.9535452322738386
