,ARM,Advanced Micro Devices X86-64,Intel 80386,MIPS R3000
ARM,1.0,1.0,1.0,0.9342105263157895
Advanced Micro Devices X86-64,0.80927291886196,1.0,0.9774436090225563,0.7505330490405118
Intel 80386,0.7695605573419079,0.9400584795321637,1.0,0.6034912718204489
MIPS R3000,0.9372197309417041,0.9801652892561984,0.9973154362416108,1.0
